[
    {
      "id": 1,
      "username": "hendra",
      "image": "https://imgcdnblog.carbay.com/wp-content/uploads/2015/06/26075015/ferrari.jpg",
      "judul": "Ferrari 488 GTB: Mempersembahkan Performa dan Keindahan yang Mengagumkan",
      "des": "Ferrari 488 GTB adalah simbol kecepatan dan keindahan dalam satu paket. Dari desain aerodinamisnya hingga mesin bertenaga yang luar biasa, mobil ini menggabungkan keunggulan teknologi dengan keindahan estetika Italia.",
      "paragraf": "Dengan mesin V8 twin-turbocharged yang menghasilkan lebih dari 660 horsepower, Ferrari 488 GTB mampu melesat dari 0 hingga 100 km/jam dalam waktu kurang dari 3 detik. Namun, kecepatan bukanlah satu-satunya keistimewaan mobil ini. Desainnya yang elegan dan aerodinamis membantu mobil menjelajahi jalanan dengan gaya dan presisi yang luar biasa. Dari lingkarannya yang agresif hingga spoiler belakang yang diperbarui, setiap detail dari Ferrari 488 GTB dirancang untuk memaksimalkan performa dan keindahan.",
      "time": "2024-04-21"
    },
    {
      "id": 2,
      "username": "dami",
      "image": "https://cdn.motor1.com/images/mgl/vxxvy6/s3/2023-porsche-911-gt3-rs-teaser-image.jpg",
      "judul": "Porsche 911 GT3 RS: Menghadirkan Pengalaman Balap yang Tanpa Kompromi",
      "des": "Porsche 911 GT3 RS adalah mobil yang dirancang untuk menghadirkan pengalaman balap tanpa kompromi. Dari teknologi balapnya yang canggih hingga desain aerodinamis yang dipoles, mobil ini membawa performa dan keandalan Porsche ke level yang baru.",
      "paragraf": "Ditenagai oleh mesin boxer enam-silinder yang menghasilkan lebih dari 500 horsepower, Porsche 911 GT3 RS mempercepat dari 0 hingga 100 km/jam dalam hitungan detik. Namun, mobil ini bukan hanya tentang kecepatan. Sasis yang dioptimalkan untuk lintasan balap, sistem suspensi yang disempurnakan, dan kontrol traksi yang canggih membuat Porsche 911 GT3 RS menjadi pilihan utama bagi para penggemar balap yang mencari kinerja yang luar biasa.",
      "time": "2024-04-21"
    },
    {
      "id": 3,
      "username": "lilian",
      "image": "https://www.lamborghini.com/sites/it-en/files/DAM/lamborghini/masterpieces/huracan_performante/s/huracan_performante_s_01_m.jpg",
      "judul": "Lamborghini Huracan Performante: Memadukan Keindahan dan Teknologi Balap",
      "des": "Lamborghini Huracan Performante adalah inkarnasi kecepatan dan keindahan dalam bentuknya yang paling murni. Dari desainnya yang futuristik hingga teknologi balap terkini yang diimplementasikan, mobil ini menghadirkan pengalaman mengemudi yang tak tertandingi.",
      "paragraf": "Dilengkapi dengan mesin V10 yang menghasilkan lebih dari 600 horsepower, Lamborghini Huracan Performante adalah salah satu mobil sport paling kuat di jalanan. Namun, kekuatan tidaklah cukup. Mobil ini juga dilengkapi dengan sistem aerodinamis aktif, kontrol traksi yang disempurnakan, dan sistem penggerak semua roda yang membuatnya begitu mudah dikendalikan bahkan pada kecepatan tertinggi. Lamborghini Huracan Performante adalah manifestasi sempurna dari keindahan Italia dan keunggulan teknologi balap.",
      "time": "2024-04-21"
    }
  ]
  